CREATE TABLE [dbo].[favourite_routes] (
    [id]        INT           IDENTITY (1, 1) NOT NULL,
    [startStop] VARCHAR (255) NOT NULL,
    [endStop]   VARCHAR (255) NOT NULL,
    PRIMARY KEY CLUSTERED ([id] ASC)
);

CREATE TABLE [dbo].[tram_stops] (
    [tram_stop_id]        INT             NOT NULL,
    [tram_stop_name]      VARCHAR (255)   NOT NULL,
    [tram_stop_latitude]  DECIMAL (10, 7) NOT NULL,
    [tram_stop_longitude] DECIMAL (10, 7) NOT NULL,
    [transfer_stop]       BIT             NOT NULL,
    PRIMARY KEY CLUSTERED ([tram_stop_id] ASC)
);

INSERT INTO tram_stops (tram_stop_id, tram_stop_name, tram_stop_latitude, tram_stop_longitude, transfer_stop) VALUES
(1, 'Arbourthorne Road', 53.3634096, -1.4476179, 0),
(2, 'Arena / Olympic Legacy Park', 53.3981882, -1.4205261, 0),
(3, 'Attercliffe', 53.3922963, -1.4299842, 0),
(4, 'Bamforth Street', 53.3988722, -1.4925729, 0),
(5, 'Beighton / Drake House Lane', 53.3416901, -1.3474827, 0),
(6, 'Birley Lane', 53.3403868, -1.3993588, 0),
(7, 'Birley Moor Road', 53.3415900, -1.3886532, 0),
(8, 'Carbrook/IKEA', 53.4055103, -1.4108794, 0),
(9, 'Castle Square', 53.3830762, -1.4660539, 0),
(10, 'Cathedral', 53.3825752, -1.4690465, 1),
(11, 'City Hall', 53.3815369, -1.4732516, 0),
(12, 'Cricket Inn Road', 53.3840084, -1.4466103, 0),
(13, 'Crystal Peaks', 53.3416837, -1.3561181, 0),
(14, 'Donetsk Way', 53.3417214, -1.3703402, 0),
(15, 'Fitzalan Square / Ponds Forge', 53.3831668, -1.4638866, 1),
(16, 'Gleadless Townend', 53.3460998, -1.4258692, 1),
(17, 'Granville Road / The Sheffield College', 53.3750278, -1.4614877, 0),
(18, 'Hackenthorpe', 53.3435738, -1.3810524, 0),
(19, 'Halfway', 53.3285388, -1.3442988, 0),
(20, 'Herdings / Leighton Road', 53.3424735, -1.4324251, 0),
(21, 'Herdings Park', 53.3425086, -1.4392481, 0),
(22, 'Hillsborough', 53.4019670, -1.4999422, 1),
(23, 'Hillsborough Park', 53.4044049, -1.5036651, 0),
(24, 'Hollinsend', 53.3520359, -1.4245537, 0),
(25, 'Hyde Park', 53.3846199, -1.4524283, 0),
(26, 'Infirmary Road', 53.3908311, -1.4823759, 0),
(27, 'Langsett / Primrose View', 53.3957608, -1.4893904, 0),
(28, 'Leppings Lane', 53.4108081, -1.5043766, 0),
(29, 'Malin Bridge', 53.4007000, -1.5082244, 0),
(30, 'Manor Top / Elm Tree', 53.3596640, -1.4288524, 0),
(31, 'Meadowhall Interchange', 53.4171859, -1.4131385, 0),
(32, 'Meadowhall South / Tinsley', 53.4142433, -1.4049811, 1),
(33, 'Middlewood', 53.4158805, -1.5101523, 0),
(34, 'Moss Way', 53.3421624, -1.3626703, 0),
(35, 'Netherthorpe Road', 53.3847650, -1.4825657, 0),
(36, 'Nunnery Square', 53.3854966, -1.4417625, 0),
(37, 'Park Grange', 53.3673026, -1.4548382, 0),
(38, 'Park Grange Croft', 53.3701143, -1.4585722, 0),
(39, 'Rotherham Central', 53.4310198, -1.3615052, 0),
(40, 'Rotherham Parkgate', 53.4429488, -1.3432998, 0),
(41, 'Shalesmoor', 53.3886571, -1.4779651, 0),
(42, 'Sheffield Station / Sheffield Hallam University', 53.3778655, -1.4613023, 0),
(43, 'Spring Lane', 53.3662636, -1.4387379, 0),
(44, 'University of Sheffield', 53.3806756, -1.4840882, 0),
(45, 'Valley Centertainment', 53.4022055, -1.4126812, 0),
(46, 'Waterthorpe', 53.3364708, -1.3450876, 0),
(47, 'West Street', 53.3804854, -1.4776666, 0),
(48, 'Westfield', 53.3319047, -1.3438627, 0),
(49, 'White Lane', 53.3430388, -1.4198192, 0),
(50, 'Woodbourn Road', 53.3888460, -1.4345597, 0);

CREATE TABLE [dbo].[tram_lines] (
    [tram_line_id]          INT           NOT NULL,
    [tram_line_name]        VARCHAR (255) NOT NULL,
    [tram_line_terminus]    VARCHAR (255) NOT NULL,
    [tram_line_terminus_id] INT           NULL,
    PRIMARY KEY CLUSTERED ([tram_line_id] ASC),
    FOREIGN KEY ([tram_line_terminus_id]) REFERENCES [dbo].[tram_stops] ([tram_stop_id])
);

INSERT INTO tram_lines (tram_line_id, tram_line_name, tram_line_terminus, tram_line_terminus_id) VALUES
(1, 'Yellow', 'Meadowhall Interchange', 31),
(2, 'Blue', 'Halfway', 19),
(3, 'Purple', 'Herdings Park', 21),
(4, 'Tram Train', 'Rotherham Parkgate', 40),
(5, 'Yellow', 'Middlewood', 33),
(6, 'Blue', 'Malin Bridge', 29),
(7, 'Purple', 'Cathedral', 10),
(8, 'Tram Train', 'Cathedral', 10);

CREATE TABLE [dbo].[line_stops] (
    [line_id]    INT NOT NULL,
    [stop_id]    INT NOT NULL,
    [stop_order] INT NULL,
    PRIMARY KEY CLUSTERED ([line_id] ASC, [stop_id] ASC),
    FOREIGN KEY ([line_id]) REFERENCES [dbo].[tram_lines] ([tram_line_id]),
    FOREIGN KEY ([stop_id]) REFERENCES [dbo].[tram_stops] ([tram_stop_id])
);

INSERT INTO line_stops (line_id, stop_id, stop_order) VALUES
(1, 2, 21),
(1, 3, 20),
(1, 4, 5),
(1, 8, 23),
(1, 9, 14),
(1, 10, 13),
(1, 11, 12),
(1, 12, 17),
(1, 15, 15),
(1, 22, 4),
(1, 23, 3),
(1, 25, 16),
(1, 26, 7),
(1, 27, 6),
(1, 28, 2),
(1, 31, 25),
(1, 32, 24),
(1, 33, 1),
(1, 35, 9),
(1, 36, 18),
(1, 41, 8),
(1, 44, 10),
(1, 45, 22),
(1, 47, 11),
(1, 50, 19),
(2, 1, 18),
(2, 4, 3),
(2, 5, 30),
(2, 6, 24),
(2, 7, 25),
(2, 9, 12),
(2, 10, 11),
(2, 11, 10),
(2, 13, 29),
(2, 14, 27),
(2, 15, 13),
(2, 16, 22),
(2, 17, 15),
(2, 18, 26),
(2, 19, 33),
(2, 22, 2),
(2, 24, 21),
(2, 26, 5),
(2, 27, 4),
(2, 29, 1),
(2, 30, 20),
(2, 34, 28),
(2, 35, 7),
(2, 37, 17),
(2, 38, 16),
(2, 41, 6),
(2, 42, 14),
(2, 43, 19),
(2, 44, 8),
(2, 46, 31),
(2, 47, 9),
(2, 48, 32),
(2, 49, 23),
(3, 1, 8),
(3, 9, 2),
(3, 10, 1),
(3, 15, 3),
(3, 16, 12),
(3, 17, 5),
(3, 20, 13),
(3, 21, 14),
(3, 24, 11),
(3, 30, 10),
(3, 37, 7),
(3, 38, 6),
(3, 42, 4),
(3, 43, 9),
(4, 2, 9),
(4, 3, 8),
(4, 8, 11),
(4, 9, 2),
(4, 10, 1),
(4, 12, 5),
(4, 15, 3),
(4, 25, 4),
(4, 32, 12),
(4, 36, 6),
(4, 39, 13),
(4, 40, 14),
(4, 45, 10),
(4, 50, 7),
(5, 2, 5),
(5, 3, 6),
(5, 4, 21),
(5, 8, 3),
(5, 9, 12),
(5, 10, 13),
(5, 11, 14),
(5, 12, 9),
(5, 15, 11),
(5, 22, 22),
(5, 23, 23),
(5, 25, 10),
(5, 26, 19),
(5, 27, 20),
(5, 28, 24),
(5, 31, 1),
(5, 32, 2),
(5, 33, 25),
(5, 35, 17),
(5, 36, 8),
(5, 41, 18),
(5, 44, 16),
(5, 45, 4),
(5, 47, 15),
(5, 50, 7),
(6, 1, 16),
(6, 4, 31),
(6, 5, 4),
(6, 6, 10),
(6, 7, 9),
(6, 9, 22),
(6, 10, 23),
(6, 11, 24),
(6, 13, 5),
(6, 14, 7),
(6, 15, 21),
(6, 16, 12),
(6, 17, 19),
(6, 18, 8),
(6, 19, 1),
(6, 22, 32),
(6, 24, 13),
(6, 26, 29),
(6, 27, 30),
(6, 29, 33),
(6, 30, 14),
(6, 34, 6),
(6, 35, 27),
(6, 37, 17),
(6, 38, 18),
(6, 41, 28),
(6, 42, 20),
(6, 43, 15),
(6, 44, 26),
(6, 46, 3),
(6, 47, 25),
(6, 48, 2),
(6, 49, 11),
(7, 1, 7),
(7, 9, 13),
(7, 10, 14),
(7, 15, 12),
(7, 16, 3),
(7, 17, 10),
(7, 20, 2),
(7, 21, 1),
(7, 24, 4),
(7, 30, 5),
(7, 37, 8),
(7, 38, 9),
(7, 42, 11),
(7, 43, 6),
(8, 2, 6),
(8, 3, 7),
(8, 8, 4),
(8, 9, 13),
(8, 10, 14),
(8, 12, 10),
(8, 15, 12),
(8, 25, 11),
(8, 32, 3),
(8, 36, 9),
(8, 39, 2),
(8, 40, 1),
(8, 45, 5),
(8, 50, 8);
